"Date and Time Run #1","Time (s) Run #1","Position (m) Run #1","Velocity (m/s) Run #1","Acceleration (m/s²) Run #1","Ping Echo Time (s) Run #1"
09/07/2026 06:36:32 pm,0.100,1.930,-0.50,0.0,0.011218
09/07/2026 06:36:32 pm,0.150,1.905,-0.50,0.0,0.011074
09/07/2026 06:36:32 pm,0.200,1.879,-0.50,0.0,0.010926
09/07/2026 06:36:32 pm,0.250,1.855,-0.50,0.0,0.010783
09/07/2026 06:36:32 pm,0.300,1.830,-0.50,0.0,0.010638
09/07/2026 06:36:32 pm,0.350,1.805,-0.50,0.0,0.010493
09/07/2026 06:36:32 pm,0.400,1.780,-0.50,0.0,0.010348
09/07/2026 06:36:32 pm,0.450,1.755,-0.50,-0.1,0.010206
09/07/2026 06:36:32 pm,0.500,1.730,-0.51,0.0,0.010060
09/07/2026 06:36:32 pm,0.550,1.705,-0.51,0.0,0.009915
09/07/2026 06:36:32 pm,0.600,1.678,-0.50,0.0,0.009757
09/07/2026 06:36:32 pm,0.650,1.656,-0.50,0.0,0.009626
09/07/2026 06:36:32 pm,0.700,1.630,-0.50,0.0,0.009480
09/07/2026 06:36:32 pm,0.750,1.604,-0.51,0.0,0.009324
09/07/2026 06:36:32 pm,0.800,1.579,-0.50,0.1,0.009182
09/07/2026 06:36:32 pm,0.850,1.554,-0.49,0.1,0.009036
09/07/2026 06:36:32 pm,0.900,1.530,-0.49,0.0,0.008894
09/07/2026 06:36:32 pm,0.950,1.505,-0.49,0.0,0.008751
09/07/2026 06:36:33 pm,1.000,1.480,-0.49,-6.1E-4,0.008607
09/07/2026 06:36:33 pm,1.050,1.456,-0.49,0.0,0.008464
09/07/2026 06:36:33 pm,1.100,1.431,-0.49,0.0,0.008320
09/07/2026 06:36:33 pm,1.150,1.407,-0.49,0.0,0.008178
09/07/2026 06:36:33 pm,1.200,1.382,-0.49,0.0,0.008035
09/07/2026 06:36:33 pm,1.250,1.357,-0.49,0.0,0.007892
09/07/2026 06:36:33 pm,1.300,1.333,-0.49,0.0,0.007749
09/07/2026 06:36:33 pm,1.350,1.308,-0.49,0.0,0.007605
09/07/2026 06:36:33 pm,1.400,1.285,-0.49,-0.1,0.007471
09/07/2026 06:36:33 pm,1.450,1.259,-0.50,0.0,0.007320
09/07/2026 06:36:33 pm,1.500,1.234,-0.50,0.0,0.007174
09/07/2026 06:36:33 pm,1.550,1.209,-0.49,0.0,0.007031
09/07/2026 06:36:33 pm,1.600,1.185,-0.49,0.0,0.006888
09/07/2026 06:36:33 pm,1.650,1.160,-0.50,-0.1,0.006744
09/07/2026 06:36:33 pm,1.700,1.135,-0.50,-0.1,0.006601
09/07/2026 06:36:33 pm,1.750,1.110,-0.50,0.0,0.006455
09/07/2026 06:36:33 pm,1.800,1.084,-0.50,0.0,0.006304
09/07/2026 06:36:33 pm,1.850,1.060,-0.50,0.0,0.006161
09/07/2026 06:36:33 pm,1.900,1.035,-0.50,0.0,0.006018
09/07/2026 06:36:33 pm,1.950,1.010,-0.50,0.0,0.005872
09/07/2026 06:36:34 pm,2.000,0.985,-0.50,0.0,0.005728
09/07/2026 06:36:34 pm,2.050,0.960,-0.50,0.0,0.005584
09/07/2026 06:36:34 pm,2.100,0.935,-0.50,0.0,0.005439
09/07/2026 06:36:34 pm,2.150,0.911,-0.50,0.0,0.005294
09/07/2026 06:36:34 pm,2.200,0.886,-0.50,0.0,0.005149
09/07/2026 06:36:34 pm,2.250,0.861,-0.50,0.0,0.005004
09/07/2026 06:36:34 pm,2.300,0.836,-0.49,0.0,0.004860
09/07/2026 06:36:34 pm,2.350,0.812,-0.49,0.0,0.004719
09/07/2026 06:36:34 pm,2.400,0.787,-0.49,0.0,0.004574
09/07/2026 06:36:34 pm,2.450,0.762,-0.49,0.0,0.004430
09/07/2026 06:36:34 pm,2.500,0.737,-0.49,0.0,0.004287
09/07/2026 06:36:34 pm,2.550,0.713,-0.49,0.1,0.004146
09/07/2026 06:36:34 pm,2.600,0.688,-0.49,0.1,0.004003
09/07/2026 06:36:34 pm,2.650,0.665,-0.48,0.1,0.003863
09/07/2026 06:36:34 pm,2.700,0.640,-0.48,0.1,0.003723
09/07/2026 06:36:34 pm,2.750,0.616,-0.48,0.1,0.003584
09/07/2026 06:36:34 pm,2.800,0.593,-0.47,0.1,0.003446
09/07/2026 06:36:34 pm,2.850,0.569,-0.47,0.1,0.003309
09/07/2026 06:36:34 pm,2.900,0.545,-0.47,0.1,0.003171
09/07/2026 06:36:34 pm,2.950,0.522,-0.46,0.1,0.003036
09/07/2026 06:36:35 pm,3.000,0.499,-0.46,0.1,0.002902
09/07/2026 06:36:35 pm,3.050,0.476,-0.46,0.1,0.002768
09/07/2026 06:36:35 pm,3.100,0.453,-0.46,0.1,0.002634
09/07/2026 06:36:35 pm,3.150,0.430,-0.45,0.1,0.002502
09/07/2026 06:36:35 pm,3.200,0.408,-0.45,0.1,0.002371
09/07/2026 06:36:35 pm,3.250,0.386,-0.44,0.1,0.002242
09/07/2026 06:36:35 pm,3.300,0.363,-0.44,0.0,0.002113
09/07/2026 06:36:35 pm,3.350,0.341,-0.44,0.0,0.001985
09/07/2026 06:36:35 pm,3.400,0.319,-0.44,0.1,0.001855
09/07/2026 06:36:35 pm,3.450,0.297,-0.43,0.2,0.001728
09/07/2026 06:36:35 pm,3.500,0.276,-0.42,0.5,0.001603
09/07/2026 06:36:35 pm,3.550,0.254,-0.41,1.4,0.001480
09/07/2026 06:36:35 pm,3.600,0.236,-0.33,2.8,0.001371
09/07/2026 06:36:35 pm,3.650,0.216,-0.12,4.0,0.001254
09/07/2026 06:36:35 pm,3.700,0.217,0.14,3.8,0.001259
09/07/2026 06:36:35 pm,3.750,0.238,0.32,2.5,0.001385
09/07/2026 06:36:35 pm,3.800,0.254,0.38,1.0,0.001477
09/07/2026 06:36:35 pm,3.850,0.274,0.38,0.3,0.001594
09/07/2026 06:36:35 pm,3.900,0.293,0.39,0.1,0.001706
09/07/2026 06:36:35 pm,3.950,0.313,0.39,0.0,0.001818
09/07/2026 06:36:36 pm,4.000,0.332,0.39,1.4E-4,0.001932
09/07/2026 06:36:36 pm,4.050,0.352,0.39,0.0,0.002045
09/07/2026 06:36:36 pm,4.100,0.371,0.39,0.0,0.002158
09/07/2026 06:36:36 pm,4.150,0.391,0.39,0.0,0.002270
09/07/2026 06:36:36 pm,4.200,0.410,0.39,-1.3E-4,0.002382
09/07/2026 06:36:36 pm,4.250,0.429,0.39,0.0,0.002495
09/07/2026 06:36:36 pm,4.300,0.448,0.39,0.0,0.002607
09/07/2026 06:36:36 pm,4.350,0.468,0.39,0.0,0.002721
09/07/2026 06:36:36 pm,4.400,0.487,0.39,0.0,0.002833
09/07/2026 06:36:36 pm,4.450,0.507,0.39,0.0,0.002946
09/07/2026 06:36:36 pm,4.500,0.526,0.39,0.0,0.003058
09/07/2026 06:36:36 pm,4.550,0.545,0.39,0.0,0.003170
09/07/2026 06:36:36 pm,4.600,0.565,0.39,0.0,0.003282
09/07/2026 06:36:36 pm,4.650,0.584,0.38,0.0,0.003394
09/07/2026 06:36:36 pm,4.700,0.603,0.38,0.0,0.003506
09/07/2026 06:36:36 pm,4.750,0.622,0.38,-7.8E-15,0.003618
09/07/2026 06:36:36 pm,4.800,0.642,0.38,8.0E-5,0.003730
09/07/2026 06:36:36 pm,4.850,0.661,0.38,0.0,0.003842
09/07/2026 06:36:36 pm,4.900,0.680,0.38,0.0,0.003954
09/07/2026 06:36:36 pm,4.950,0.699,0.38,0.0,0.004065
09/07/2026 06:36:37 pm,5.000,0.719,0.38,0.0,0.004177
09/07/2026 06:36:37 pm,5.050,0.738,0.38,0.0,0.004288
09/07/2026 06:36:37 pm,5.100,0.757,0.38,0.0,0.004400
09/07/2026 06:36:37 pm,5.150,0.776,0.38,0.0,0.004512
09/07/2026 06:36:37 pm,5.200,0.795,0.38,0.0,0.004623
09/07/2026 06:36:37 pm,5.250,0.814,0.38,0.0,0.004735
09/07/2026 06:36:37 pm,5.300,0.833,0.38,0.0,0.004845
09/07/2026 06:36:37 pm,5.350,0.853,0.38,0.0,0.004956
09/07/2026 06:36:37 pm,5.400,0.872,0.38,0.0,0.005067
09/07/2026 06:36:37 pm,5.450,0.891,0.38,0.0,0.005179
09/07/2026 06:36:37 pm,5.500,0.910,0.38,0.0,0.005291
09/07/2026 06:36:37 pm,5.550,0.929,0.38,0.0,0.005403
09/07/2026 06:36:37 pm,5.600,0.948,0.38,0.0,0.005514
09/07/2026 06:36:37 pm,5.650,0.967,0.38,0.0,0.005625
09/07/2026 06:36:37 pm,5.700,0.987,0.39,0.0,0.005738
09/07/2026 06:36:37 pm,5.750,1.006,0.39,0.0,0.005849
09/07/2026 06:36:37 pm,5.800,1.026,0.39,0.0,0.005962
09/07/2026 06:36:37 pm,5.850,1.045,0.39,2.1E-4,0.006075
09/07/2026 06:36:37 pm,5.900,1.065,0.39,0.0,0.006189
09/07/2026 06:36:37 pm,5.950,1.084,0.39,0.0,0.006300
09/07/2026 06:36:38 pm,6.000,1.103,0.39,0.0,0.006415
09/07/2026 06:36:38 pm,6.050,1.122,0.39,0.0,0.006524
09/07/2026 06:36:38 pm,6.100,1.142,0.39,0.0,0.006641
09/07/2026 06:36:38 pm,6.150,1.162,0.39,0.0,0.006757
09/07/2026 06:36:38 pm,6.200,1.182,0.39,0.0,0.006870
09/07/2026 06:36:38 pm,6.250,1.201,0.39,0.0,0.006983
09/07/2026 06:36:38 pm,6.300,1.220,0.39,0.0,0.007095
09/07/2026 06:36:38 pm,6.350,1.240,0.39,0.0,0.007209
09/07/2026 06:36:38 pm,6.400,1.259,0.39,0.0,0.007322
09/07/2026 06:36:38 pm,6.450,1.279,0.39,0.0,0.007435
09/07/2026 06:36:38 pm,6.500,1.298,0.39,0.0,0.007545
09/07/2026 06:36:38 pm,6.550,1.317,0.39,0.0,0.007658
09/07/2026 06:36:38 pm,6.600,1.337,0.39,0.0,0.007771
09/07/2026 06:36:38 pm,6.650,1.356,0.39,0.0,0.007885
09/07/2026 06:36:38 pm,6.700,1.375,0.39,0.0,0.007997
09/07/2026 06:36:38 pm,6.750,1.395,0.39,0.0,0.008109
09/07/2026 06:36:38 pm,6.800,1.414,0.39,1.3E-4,0.008222
09/07/2026 06:36:38 pm,6.850,1.434,0.39,0.0,0.008336
09/07/2026 06:36:38 pm,6.900,1.453,0.39,0.0,0.008446
09/07/2026 06:36:38 pm,6.950,1.472,0.39,0.0,0.008559
09/07/2026 06:36:39 pm,7.000,1.492,0.39,0.0,0.008672
09/07/2026 06:36:39 pm,7.050,1.511,0.39,0.0,0.008786
09/07/2026 06:36:39 pm,7.100,1.531,0.39,0.0,0.008900
09/07/2026 06:36:39 pm,7.150,1.550,0.39,0.0,0.009014
09/07/2026 06:36:39 pm,7.200,1.570,0.39,0.0,0.009127
09/07/2026 06:36:39 pm,7.250,1.589,0.39,0.0,0.009240
09/07/2026 06:36:39 pm,7.300,1.608,0.38,0.0,0.009352
09/07/2026 06:36:39 pm,7.350,1.628,0.39,0.0,0.009462
09/07/2026 06:36:39 pm,7.400,1.646,0.38,0.0,0.009573
09/07/2026 06:36:39 pm,7.450,1.668,0.38,0.0,0.009695
09/07/2026 06:36:39 pm,7.500,1.683,0.38,0.0,0.009786
09/07/2026 06:36:39 pm,7.550,1.705,0.38,-0.1,0.009912
09/07/2026 06:36:39 pm,7.600,1.723,0.38,-0.2,0.010020
09/07/2026 06:36:39 pm,7.650,1.743,0.36,-0.2,0.010131
09/07/2026 06:36:39 pm,7.700,1.759,0.35,-0.1,0.010227
09/07/2026 06:36:39 pm,7.750,1.776,0.35,0.0,0.010325
09/07/2026 06:36:39 pm,7.800,1.794,0.35,0.1,0.010428
09/07/2026 06:36:39 pm,7.850,1.812,0.36,0.0,0.010534
09/07/2026 06:36:39 pm,7.900,1.829,0.35,0.0,0.010636
09/07/2026 06:36:39 pm,7.950,1.847,0.36,0.0,0.010739
09/07/2026 06:36:40 pm,8.000,1.865,0.36,0.0,0.010842
09/07/2026 06:36:40 pm,8.050,1.883,0.36,-0.1,0.010950
09/07/2026 06:36:40 pm,8.100,1.902,0.36,-0.1,0.011057
09/07/2026 06:36:40 pm,8.150,1.919,0.35,-0.1,0.011157
09/07/2026 06:36:40 pm,8.200,1.936,0.34,-0.1,0.011256
09/07/2026 06:36:40 pm,8.250,1.953,0.33,-0.2,0.011354
09/07/2026 06:36:40 pm,8.300,1.970,0.34,-0.9,0.011451
09/07/2026 06:36:40 pm,8.350,1.986,0.28,-2.2,0.011546
09/07/2026 06:36:40 pm,8.400,2.005,0.12,-3.3,0.011656
09/07/2026 06:36:40 pm,8.450,2.003,-0.10,-3.2,0.011643
09/07/2026 06:36:40 pm,8.500,1.988,-0.26,-2.2,0.011560
09/07/2026 06:36:40 pm,8.550,1.972,-0.31,-0.9,0.011468
09/07/2026 06:36:40 pm,8.600,1.957,-0.32,-0.2,0.011376
09/07/2026 06:36:40 pm,8.650,1.941,-0.32,-9.4E-4,0.011282
09/07/2026 06:36:40 pm,8.700,1.925,-0.32,0.0,0.011190
09/07/2026 06:36:40 pm,8.750,1.909,-0.31,0.0,0.011098
09/07/2026 06:36:40 pm,8.800,1.893,-0.31,0.0,0.011008
09/07/2026 06:36:40 pm,8.850,1.878,-0.32,0.0,0.010917
09/07/2026 06:36:40 pm,8.900,1.862,-0.32,0.0,0.010824
09/07/2026 06:36:40 pm,8.950,1.846,-0.32,0.0,0.010732
09/07/2026 06:36:41 pm,9.000,1.830,-0.31,0.0,0.010640
09/07/2026 06:36:41 pm,9.050,1.815,-0.31,0.0,0.010550
09/07/2026 06:36:41 pm,9.100,1.799,-0.31,0.0,0.010459
09/07/2026 06:36:41 pm,9.150,1.783,-0.31,0.0,0.010366
09/07/2026 06:36:41 pm,9.200,1.768,-0.31,-3.9E-4,0.010276
09/07/2026 06:36:41 pm,9.250,1.752,-0.31,0.0,0.010184
09/07/2026 06:36:41 pm,9.300,1.736,-0.31,0.0,0.010093
09/07/2026 06:36:41 pm,9.350,1.721,-0.31,-0.1,0.010003
09/07/2026 06:36:41 pm,9.400,1.704,-0.32,-0.1,0.009910
09/07/2026 06:36:41 pm,9.450,1.690,-0.32,0.0,0.009824
09/07/2026 06:36:41 pm,9.500,1.671,-0.32,0.0,0.009713
09/07/2026 06:36:41 pm,9.550,1.657,-0.32,0.0,0.009637
09/07/2026 06:36:41 pm,9.600,1.640,-0.31,0.1,0.009537
09/07/2026 06:36:41 pm,9.650,1.625,-0.32,0.1,0.009446
09/07/2026 06:36:41 pm,9.700,1.609,-0.31,0.1,0.009355
09/07/2026 06:36:41 pm,9.750,1.594,-0.31,0.0,0.009268
09/07/2026 06:36:41 pm,9.800,1.579,-0.31,0.0,0.009179
09/07/2026 06:36:41 pm,9.850,1.563,-0.31,0.0,0.009089
09/07/2026 06:36:41 pm,9.900,1.548,-0.31,2.2E-4,0.009002
09/07/2026 06:36:41 pm,9.950,1.533,-0.31,0.0,0.008911
09/07/2026 06:36:42 pm,10.000,1.518,-0.30,0.0,0.008823
09/07/2026 06:36:42 pm,10.050,1.502,-0.30,0.0,0.008734
09/07/2026 06:36:42 pm,10.100,1.487,-0.30,0.0,0.008648
09/07/2026 06:36:42 pm,10.150,1.472,-0.30,0.0,0.008560
09/07/2026 06:36:42 pm,10.200,1.457,-0.30,-8.0E-4,0.008471
09/07/2026 06:36:42 pm,10.250,1.442,-0.30,0.0,0.008383
09/07/2026 06:36:42 pm,10.300,1.427,-0.30,0.0,0.008296
09/07/2026 06:36:42 pm,10.350,1.412,-0.30,0.0,0.008208
09/07/2026 06:36:42 pm,10.400,1.397,-0.30,6.4E-4,0.008121
09/07/2026 06:36:42 pm,10.450,1.382,-0.30,0.0,0.008035
09/07/2026 06:36:42 pm,10.500,1.367,-0.30,0.0,0.007947
09/07/2026 06:36:42 pm,10.550,1.352,-0.30,0.0,0.007859
09/07/2026 06:36:42 pm,10.600,1.337,-0.30,0.0,0.007772
09/07/2026 06:36:42 pm,10.650,1.322,-0.30,0.0,0.007686
09/07/2026 06:36:42 pm,10.700,1.307,-0.30,0.0,0.007597
09/07/2026 06:36:42 pm,10.750,1.292,-0.30,0.0,0.007513
09/07/2026 06:36:42 pm,10.800,1.277,-0.30,0.0,0.007425
09/07/2026 06:36:42 pm,10.850,1.262,-0.30,0.0,0.007339
09/07/2026 06:36:42 pm,10.900,1.247,-0.30,0.0,0.007251
09/07/2026 06:36:42 pm,10.950,1.232,-0.30,0.0,0.007164
09/07/2026 06:36:43 pm,11.000,1.217,-0.30,0.0,0.007077
09/07/2026 06:36:43 pm,11.050,1.202,-0.30,0.0,0.006990
09/07/2026 06:36:43 pm,11.100,1.187,-0.30,0.0,0.006904
09/07/2026 06:36:43 pm,11.150,1.173,-0.30,0.0,0.006818
09/07/2026 06:36:43 pm,11.200,1.158,-0.30,0.0,0.006732
09/07/2026 06:36:43 pm,11.250,1.143,-0.30,0.0,0.006644
09/07/2026 06:36:43 pm,11.300,1.128,-0.31,0.0,0.006558
09/07/2026 06:36:43 pm,11.350,1.112,-0.30,0.1,0.006465
09/07/2026 06:36:43 pm,11.400,1.097,-0.30,0.1,0.006378
09/07/2026 06:36:43 pm,11.450,1.082,-0.29,0.0,0.006293
09/07/2026 06:36:43 pm,11.500,1.068,-0.29,0.0,0.006208
09/07/2026 06:36:43 pm,11.550,1.054,-0.30,0.0,0.006126
09/07/2026 06:36:43 pm,11.600,1.038,-0.30,0.0,0.006035
09/07/2026 06:36:43 pm,11.650,1.023,-0.30,0.0,0.005949
09/07/2026 06:36:43 pm,11.700,1.008,-0.30,0.0,0.005862
09/07/2026 06:36:43 pm,11.750,0.994,-0.29,0.0,0.005777
09/07/2026 06:36:43 pm,11.800,0.979,-0.29,0.0,0.005691
09/07/2026 06:36:43 pm,11.850,0.964,-0.29,3.2E-4,0.005606
09/07/2026 06:36:43 pm,11.900,0.949,-0.29,0.0,0.005520
09/07/2026 06:36:43 pm,11.950,0.935,-0.29,0.0,0.005435
09/07/2026 06:36:44 pm,12.000,0.920,-0.30,0.0,0.005349
09/07/2026 06:36:44 pm,12.050,0.905,-0.30,0.0,0.005263
09/07/2026 06:36:44 pm,12.100,0.890,-0.30,0.0,0.005176
09/07/2026 06:36:44 pm,12.150,0.876,-0.30,3.3E-15,0.005090
09/07/2026 06:36:44 pm,12.200,0.861,-0.30,3.3E-15,0.005004
09/07/2026 06:36:44 pm,12.250,0.846,-0.30,1.3E-14,0.004918
09/07/2026 06:36:44 pm,12.300,0.831,-0.30,8.6E-5,0.004832
09/07/2026 06:36:44 pm,12.350,0.816,-0.30,0.0,0.004746
09/07/2026 06:36:44 pm,12.400,0.802,-0.30,0.0,0.004660
09/07/2026 06:36:44 pm,12.450,0.787,-0.30,0.0,0.004574
09/07/2026 06:36:44 pm,12.500,0.772,-0.30,0.0,0.004488
09/07/2026 06:36:44 pm,12.550,0.757,-0.30,0.0,0.004401
09/07/2026 06:36:44 pm,12.600,0.742,-0.30,0.0,0.004314
09/07/2026 06:36:44 pm,12.650,0.727,-0.30,2.5E-4,0.004228
09/07/2026 06:36:44 pm,12.700,0.712,-0.30,0.0,0.004142
09/07/2026 06:36:44 pm,12.750,0.697,-0.30,0.0,0.004055
09/07/2026 06:36:44 pm,12.800,0.682,-0.30,0.0,0.003967
09/07/2026 06:36:44 pm,12.850,0.668,-0.30,0.0,0.003881
09/07/2026 06:36:44 pm,12.900,0.653,-0.30,2.1E-4,0.003794
09/07/2026 06:36:44 pm,12.950,0.638,-0.30,0.0,0.003708
09/07/2026 06:36:45 pm,13.000,0.623,-0.30,0.0,0.003621
09/07/2026 06:36:45 pm,13.050,0.608,-0.30,0.0,0.003535
09/07/2026 06:36:45 pm,13.100,0.593,-0.30,0.0,0.003447
09/07/2026 06:36:45 pm,13.150,0.578,-0.30,0.0,0.003361
09/07/2026 06:36:45 pm,13.200,0.563,-0.30,0.0,0.003273
09/07/2026 06:36:45 pm,13.250,0.548,-0.30,0.0,0.003185
09/07/2026 06:36:45 pm,13.300,0.533,-0.30,0.0,0.003099
09/07/2026 06:36:45 pm,13.350,0.518,-0.30,0.0,0.003011
09/07/2026 06:36:45 pm,13.400,0.503,-0.30,0.0,0.002924
09/07/2026 06:36:45 pm,13.450,0.488,-0.30,0.0,0.002836
09/07/2026 06:36:45 pm,13.500,0.473,-0.30,0.0,0.002751
09/07/2026 06:36:45 pm,13.550,0.458,-0.30,0.0,0.002663
09/07/2026 06:36:45 pm,13.600,0.443,-0.30,0.0,0.002578
09/07/2026 06:36:45 pm,13.650,0.429,-0.29,0.0,0.002492
09/07/2026 06:36:45 pm,13.700,0.414,-0.29,0.1,0.002406
09/07/2026 06:36:45 pm,13.750,0.400,-0.29,0.0,0.002323
09/07/2026 06:36:45 pm,13.800,0.385,-0.29,0.0,0.002240
09/07/2026 06:36:45 pm,13.850,0.371,-0.28,0.0,0.002157
09/07/2026 06:36:45 pm,13.900,0.357,-0.28,0.1,0.002074
09/07/2026 06:36:45 pm,13.950,0.343,-0.28,0.1,0.001993
09/07/2026 06:36:46 pm,14.000,0.329,-0.28,0.0,0.001913
09/07/2026 06:36:46 pm,14.050,0.315,-0.27,0.0,0.001832
09/07/2026 06:36:46 pm,14.100,0.302,-0.27,0.1,0.001753
09/07/2026 06:36:46 pm,14.150,0.288,-0.27,0.1,0.001674
09/07/2026 06:36:46 pm,14.200,0.275,-0.26,0.1,0.001597
09/07/2026 06:36:46 pm,14.250,0.261,-0.26,0.2,0.001520
09/07/2026 06:36:46 pm,14.300,0.249,-0.25,0.5,0.001446
09/07/2026 06:36:46 pm,14.350,0.237,-0.23,1.2,0.001376
09/07/2026 06:36:46 pm,14.400,0.226,-0.14,2.1,0.001312
09/07/2026 06:36:46 pm,14.450,0.216,0.01,2.4,0.001257
09/07/2026 06:36:46 pm,14.500,0.227,0.15,1.9,0.001321
09/07/2026 06:36:46 pm,14.550,0.237,0.21,1.0,0.001379
09/07/2026 06:36:46 pm,14.600,0.248,0.22,0.3,0.001443
09/07/2026 06:36:46 pm,14.650,0.260,0.23,0.1,0.001510
09/07/2026 06:36:46 pm,14.700,0.271,0.23,0.0,0.001575
09/07/2026 06:36:46 pm,14.750,0.282,0.23,0.0,0.001641
09/07/2026 06:36:46 pm,14.800,0.294,0.23,0.0,0.001707
09/07/2026 06:36:46 pm,14.850,0.305,0.23,0.0,0.001773
09/07/2026 06:36:46 pm,14.900,0.316,0.23,0.0,0.001839
09/07/2026 06:36:46 pm,14.950,0.328,0.23,0.0,0.001905
09/07/2026 06:36:47 pm,15.000,0.339,0.23,0.0,0.001971
09/07/2026 06:36:47 pm,15.050,0.350,0.23,0.0,0.002037
09/07/2026 06:36:47 pm,15.100,0.362,0.23,0.0,0.002104
09/07/2026 06:36:47 pm,15.150,0.373,0.23,0.0,0.002170
09/07/2026 06:36:47 pm,15.200,0.385,0.23,0.0,0.002236
09/07/2026 06:36:47 pm,15.250,0.396,0.23,0.0,0.002301
09/07/2026 06:36:47 pm,15.300,0.407,0.23,8.8E-5,0.002367
09/07/2026 06:36:47 pm,15.350,0.419,0.23,0.0,0.002434
09/07/2026 06:36:47 pm,15.400,0.430,0.23,0.0,0.002499
09/07/2026 06:36:47 pm,15.450,0.441,0.23,0.0,0.002566
09/07/2026 06:36:47 pm,15.500,0.453,0.23,0.0,0.002631
09/07/2026 06:36:47 pm,15.550,0.464,0.23,0.0,0.002698
09/07/2026 06:36:47 pm,15.600,0.475,0.23,0.0,0.002764
09/07/2026 06:36:47 pm,15.650,0.487,0.23,2.2E-4,0.002830
09/07/2026 06:36:47 pm,15.700,0.498,0.23,0.0,0.002897
09/07/2026 06:36:47 pm,15.750,0.510,0.23,0.0,0.002963
09/07/2026 06:36:47 pm,15.800,0.521,0.23,0.0,0.003029
09/07/2026 06:36:47 pm,15.850,0.532,0.23,0.0,0.003095
09/07/2026 06:36:47 pm,15.900,0.543,0.23,-8.1E-8,0.003160
09/07/2026 06:36:47 pm,15.950,0.555,0.23,-6.0E-8,0.003227
09/07/2026 06:36:48 pm,16.000,0.566,0.23,1.4E-4,0.003292
09/07/2026 06:36:48 pm,16.050,0.578,0.23,0.0,0.003358
09/07/2026 06:36:48 pm,16.100,0.589,0.23,0.0,0.003424
09/07/2026 06:36:48 pm,16.150,0.600,0.23,0.0,0.003490
09/07/2026 06:36:48 pm,16.200,0.611,0.22,-3.3E-4,0.003555
09/07/2026 06:36:48 pm,16.250,0.623,0.23,0.0,0.003620
09/07/2026 06:36:48 pm,16.300,0.634,0.23,0.0,0.003686
09/07/2026 06:36:48 pm,16.350,0.645,0.23,0.0,0.003752
09/07/2026 06:36:48 pm,16.400,0.657,0.23,0.0,0.003818
09/07/2026 06:36:48 pm,16.450,0.668,0.23,0.0,0.003882
09/07/2026 06:36:48 pm,16.500,0.679,0.23,0.0,0.003948
09/07/2026 06:36:48 pm,16.550,0.690,0.23,0.0,0.004013
09/07/2026 06:36:48 pm,16.600,0.702,0.22,0.0,0.004079
09/07/2026 06:36:48 pm,16.650,0.713,0.22,-3.2E-4,0.004144
09/07/2026 06:36:48 pm,16.700,0.724,0.22,0.0,0.004209
09/07/2026 06:36:48 pm,16.750,0.735,0.23,0.0,0.004275
09/07/2026 06:36:48 pm,16.800,0.747,0.23,0.0,0.004340
09/07/2026 06:36:48 pm,16.850,0.758,0.23,0.0,0.004406
09/07/2026 06:36:48 pm,16.900,0.769,0.23,0.0,0.004473
09/07/2026 06:36:48 pm,16.950,0.781,0.23,0.0,0.004538
09/07/2026 06:36:49 pm,17.000,0.792,0.23,0.0,0.004604
09/07/2026 06:36:49 pm,17.050,0.803,0.23,0.0,0.004670
09/07/2026 06:36:49 pm,17.100,0.814,0.22,0.0,0.004735
09/07/2026 06:36:49 pm,17.150,0.826,0.22,0.0,0.004800
09/07/2026 06:36:49 pm,17.200,0.837,0.23,0.0,0.004865
09/07/2026 06:36:49 pm,17.250,0.848,0.23,0.0,0.004932
09/07/2026 06:36:49 pm,17.300,0.859,0.23,0.0,0.004997
09/07/2026 06:36:49 pm,17.350,0.871,0.23,0.0,0.005064
09/07/2026 06:36:49 pm,17.400,0.882,0.23,-9.1E-5,0.005128
09/07/2026 06:36:49 pm,17.450,0.893,0.23,0.0,0.005195
09/07/2026 06:36:49 pm,17.500,0.905,0.23,0.0,0.005260
09/07/2026 06:36:49 pm,17.550,0.916,0.23,0.0,0.005325
09/07/2026 06:36:49 pm,17.600,0.927,0.23,0.0,0.005391
09/07/2026 06:36:49 pm,17.650,0.938,0.23,0.0,0.005456
09/07/2026 06:36:49 pm,17.700,0.950,0.23,0.0,0.005523
09/07/2026 06:36:49 pm,17.750,0.961,0.23,0.0,0.005588
09/07/2026 06:36:49 pm,17.800,0.973,0.23,1.0E-4,0.005654
09/07/2026 06:36:49 pm,17.850,0.984,0.23,0.0,0.005721
09/07/2026 06:36:49 pm,17.900,0.995,0.23,0.0,0.005786
09/07/2026 06:36:49 pm,17.950,1.007,0.23,0.0,0.005852
09/07/2026 06:36:50 pm,18.000,1.018,0.23,9.1E-4,0.005918
09/07/2026 06:36:50 pm,18.050,1.029,0.23,0.0,0.005985
09/07/2026 06:36:50 pm,18.100,1.041,0.23,0.0,0.006051
09/07/2026 06:36:50 pm,18.150,1.052,0.22,0.0,0.006116
09/07/2026 06:36:50 pm,18.200,1.063,0.23,0.0,0.006181
09/07/2026 06:36:50 pm,18.250,1.074,0.23,0.0,0.006247
09/07/2026 06:36:50 pm,18.300,1.086,0.23,0.0,0.006313
09/07/2026 06:36:50 pm,18.350,1.097,0.23,0.0,0.006379
09/07/2026 06:36:50 pm,18.400,1.109,0.23,6.7E-4,0.006446
09/07/2026 06:36:50 pm,18.450,1.120,0.23,0.0,0.006510
09/07/2026 06:36:50 pm,18.500,1.131,0.23,0.0,0.006576
09/07/2026 06:36:50 pm,18.550,1.142,0.23,0.0,0.006642
09/07/2026 06:36:50 pm,18.600,1.155,0.23,-0.1,0.006713
09/07/2026 06:36:50 pm,18.650,1.165,0.22,0.0,0.006774
09/07/2026 06:36:50 pm,18.700,1.176,0.22,0.0,0.006839
09/07/2026 06:36:50 pm,18.750,1.187,0.23,0.0,0.006903
09/07/2026 06:36:50 pm,18.800,1.199,0.23,0.0,0.006970
09/07/2026 06:36:50 pm,18.850,1.210,0.23,0.0,0.007035
09/07/2026 06:36:50 pm,18.900,1.221,0.23,0.1,0.007101
09/07/2026 06:36:50 pm,18.950,1.233,0.23,0.0,0.007168
09/07/2026 06:36:51 pm,19.000,1.246,0.23,0.0,0.007241
09/07/2026 06:36:51 pm,19.050,1.256,0.23,-0.1,0.007305
09/07/2026 06:36:51 pm,19.100,1.268,0.23,-0.1,0.007373
09/07/2026 06:36:51 pm,19.150,1.279,0.23,-0.1,0.007438
09/07/2026 06:36:51 pm,19.200,1.291,0.22,0.0,0.007503
09/07/2026 06:36:51 pm,19.250,1.302,0.22,0.0,0.007569
09/07/2026 06:36:51 pm,19.300,1.312,0.23,0.1,0.007625
09/07/2026 06:36:51 pm,19.350,1.325,0.23,0.0,0.007701
09/07/2026 06:36:51 pm,19.400,1.336,0.23,0.0,0.007767
09/07/2026 06:36:51 pm,19.450,1.347,0.22,0.0,0.007833
09/07/2026 06:36:51 pm,19.500,1.358,0.22,0.0,0.007898
09/07/2026 06:36:51 pm,19.550,1.369,0.23,0.0,0.007962
09/07/2026 06:36:51 pm,19.600,1.381,0.22,0.0,0.008030
09/07/2026 06:36:51 pm,19.650,1.392,0.22,0.0,0.008095
09/07/2026 06:36:51 pm,19.700,1.402,0.22,0.0,0.008152
09/07/2026 06:36:51 pm,19.750,1.415,0.22,0.0,0.008227
09/07/2026 06:36:51 pm,19.800,1.425,0.22,0.0,0.008286
09/07/2026 06:36:51 pm,19.850,1.436,0.22,0.1,0.008349
09/07/2026 06:36:51 pm,19.900,1.447,0.23,0.1,0.008415
09/07/2026 06:36:51 pm,19.950,1.459,0.23,0.1,0.008481
09/07/2026 06:36:52 pm,20.000,1.471,0.24,0.0,0.008550
09/07/2026 06:36:52 pm,20.050,1.483,0.24,0.0,0.008623
09/07/2026 06:36:52 pm,20.100,1.494,0.23,0.0,0.008688
09/07/2026 06:36:52 pm,20.150,1.506,0.23,0.0,0.008756
09/07/2026 06:36:52 pm,20.200,1.518,0.23,0.0,0.008823
09/07/2026 06:36:52 pm,20.250,1.529,0.23,0.0,0.008889
09/07/2026 06:36:52 pm,20.300,1.541,0.23,-5.2E-4,0.008957
09/07/2026 06:36:52 pm,20.350,1.552,0.23,0.0,0.009022
09/07/2026 06:36:52 pm,20.400,1.564,0.23,0.0,0.009091
09/07/2026 06:36:52 pm,20.450,1.575,0.23,0.0,0.009156
09/07/2026 06:36:52 pm,20.500,1.586,0.23,0.0,0.009224
09/07/2026 06:36:52 pm,20.550,1.598,0.23,0.0,0.009292
09/07/2026 06:36:52 pm,20.600,1.609,0.23,0.0,0.009357
09/07/2026 06:36:52 pm,20.650,1.621,0.23,0.0,0.009425
09/07/2026 06:36:52 pm,20.700,1.632,0.23,0.0,0.009490
09/07/2026 06:36:52 pm,20.750,1.643,0.23,0.0,0.009555
09/07/2026 06:36:52 pm,20.800,1.656,0.23,0.0,0.009627
09/07/2026 06:36:52 pm,20.850,1.667,0.22,0.0,0.009690
09/07/2026 06:36:52 pm,20.900,1.678,0.22,0.0,0.009754
09/07/2026 06:36:52 pm,20.950,1.689,0.23,0.0,0.009819
09/07/2026 06:36:53 pm,21.000,1.701,0.23,0.0,0.009889
09/07/2026 06:36:53 pm,21.050,1.712,0.22,0.0,0.009952
09/07/2026 06:36:53 pm,21.100,1.723,0.22,0.0,0.010017
09/07/2026 06:36:53 pm,21.150,1.734,0.22,0.0,0.010080
09/07/2026 06:36:53 pm,21.200,1.745,0.22,-0.1,0.010145
09/07/2026 06:36:53 pm,21.250,1.757,0.21,-0.1,0.010215
09/07/2026 06:36:53 pm,21.300,1.766,0.21,-0.1,0.010270
09/07/2026 06:36:53 pm,21.350,1.777,0.21,9.9E-4,0.010330
09/07/2026 06:36:53 pm,21.400,1.788,0.21,0.0,0.010394
09/07/2026 06:36:53 pm,21.450,1.798,0.21,0.0,0.010456
09/07/2026 06:36:53 pm,21.500,1.808,0.21,0.0,0.010514
09/07/2026 06:36:53 pm,21.550,1.820,0.21,0.0,0.010579
09/07/2026 06:36:53 pm,21.600,1.829,0.21,0.0,0.010636
09/07/2026 06:36:53 pm,21.650,1.840,0.21,0.0,0.010698
09/07/2026 06:36:53 pm,21.700,1.851,0.20,-0.1,0.010760
09/07/2026 06:36:53 pm,21.750,1.861,0.20,0.0,0.010818
09/07/2026 06:36:53 pm,21.800,1.870,0.20,0.0,0.010873
09/07/2026 06:36:53 pm,21.850,1.881,0.20,0.0,0.010935
09/07/2026 06:36:53 pm,21.900,1.891,0.21,0.0,0.010993
09/07/2026 06:36:53 pm,21.950,1.901,0.21,-0.1,0.011051
09/07/2026 06:36:54 pm,22.000,1.913,0.20,-0.1,0.011120
09/07/2026 06:36:54 pm,22.050,1.921,0.19,-0.1,0.011167
09/07/2026 06:36:54 pm,22.100,1.930,0.19,0.0,0.011220
09/07/2026 06:36:54 pm,22.150,1.942,0.19,0.0,0.011288
09/07/2026 06:36:54 pm,22.200,1.949,0.19,0.0,0.011332
09/07/2026 06:36:54 pm,22.250,1.959,0.19,0.1,0.011388
09/07/2026 06:36:54 pm,22.300,1.968,0.20,0.0,0.011445
09/07/2026 06:36:54 pm,22.350,1.978,0.20,-0.4,0.011500
09/07/2026 06:36:54 pm,22.400,1.989,0.18,-1.2,0.011563
09/07/2026 06:36:54 pm,22.450,1.999,0.09,-1.9,0.011622
09/07/2026 06:36:54 pm,22.500,2.000,-0.04,-1.9,0.011630
09/07/2026 06:36:54 pm,22.550,1.992,-0.14,-1.3,0.011582
09/07/2026 06:36:54 pm,22.600,1.983,-0.18,-0.6,0.011527
09/07/2026 06:36:54 pm,22.650,1.974,-0.18,-0.1,0.011476
09/07/2026 06:36:54 pm,22.700,1.965,-0.18,0.0,0.011425
09/07/2026 06:36:54 pm,22.750,1.956,-0.18,0.0,0.011374
09/07/2026 06:36:54 pm,22.800,1.947,-0.18,0.0,0.011320
09/07/2026 06:36:54 pm,22.850,1.938,-0.18,0.0,0.011269
09/07/2026 06:36:54 pm,22.900,1.929,-0.18,-4.0E-4,0.011218
09/07/2026 06:36:54 pm,22.950,1.921,-0.18,0.0,0.011167
09/07/2026 06:36:55 pm,23.000,1.911,-0.18,0.0,0.011113
09/07/2026 06:36:55 pm,23.050,1.903,-0.18,0.0,0.011063
09/07/2026 06:36:55 pm,23.100,1.894,-0.17,-8.4E-4,0.011012
09/07/2026 06:36:55 pm,23.150,1.885,-0.18,0.0,0.010962
09/07/2026 06:36:55 pm,23.200,1.876,-0.18,0.0,0.010909
09/07/2026 06:36:55 pm,23.250,1.867,-0.18,0.0,0.010858
09/07/2026 06:36:55 pm,23.300,1.859,-0.18,0.0,0.010807
09/07/2026 06:36:55 pm,23.350,1.850,-0.18,0.0,0.010755
09/07/2026 06:36:55 pm,23.400,1.841,-0.18,4.7E-4,0.010705
09/07/2026 06:36:55 pm,23.450,1.832,-0.18,0.0,0.010651
09/07/2026 06:36:55 pm,23.500,1.823,-0.17,0.0,0.010600
09/07/2026 06:36:55 pm,23.550,1.815,-0.17,0.0,0.010551
09/07/2026 06:36:55 pm,23.600,1.806,-0.18,0.0,0.010499
09/07/2026 06:36:55 pm,23.650,1.797,-0.18,0.0,0.010447
09/07/2026 06:36:55 pm,23.700,1.788,-0.18,0.0,0.010395
09/07/2026 06:36:55 pm,23.750,1.779,-0.17,0.0,0.010345
09/07/2026 06:36:55 pm,23.800,1.771,-0.17,0.0,0.010294
09/07/2026 06:36:55 pm,23.850,1.762,-0.18,0.0,0.010245
09/07/2026 06:36:55 pm,23.900,1.753,-0.18,0.0,0.010193
09/07/2026 06:36:55 pm,23.950,1.744,-0.18,0.0,0.010140
09/07/2026 06:36:56 pm,24.000,1.735,-0.18,0.0,0.010089
09/07/2026 06:36:56 pm,24.050,1.727,-0.17,0.0,0.010040
09/07/2026 06:36:56 pm,24.100,1.718,-0.18,0.0,0.009988
09/07/2026 06:36:56 pm,24.150,1.709,-0.17,0.0,0.009937
09/07/2026 06:36:56 pm,24.200,1.701,-0.17,0.0,0.009887
09/07/2026 06:36:56 pm,24.250,1.693,-0.17,0.0,0.009840
09/07/2026 06:36:56 pm,24.300,1.683,-0.17,0.0,0.009784
09/07/2026 06:36:56 pm,24.350,1.676,-0.17,0.0,0.009741
09/07/2026 06:36:56 pm,24.400,1.666,-0.17,0.0,0.009685
09/07/2026 06:36:56 pm,24.450,1.658,-0.17,0.0,0.009642
09/07/2026 06:36:56 pm,24.500,1.649,-0.17,0.0,0.009587
09/07/2026 06:36:56 pm,24.550,1.641,-0.17,0.0,0.009542
09/07/2026 06:36:56 pm,24.600,1.633,-0.16,0.0,0.009496
09/07/2026 06:36:56 pm,24.650,1.625,-0.17,0.0,0.009446
09/07/2026 06:36:56 pm,24.700,1.616,-0.16,0.0,0.009397
09/07/2026 06:36:56 pm,24.750,1.608,-0.16,0.0,0.009351
09/07/2026 06:36:56 pm,24.800,1.600,-0.16,0.0,0.009303
09/07/2026 06:36:56 pm,24.850,1.592,-0.16,0.0,0.009255
09/07/2026 06:36:56 pm,24.900,1.584,-0.16,0.0,0.009208
09/07/2026 06:36:56 pm,24.950,1.576,-0.16,0.0,0.009163
09/07/2026 06:36:57 pm,25.000,1.568,-0.17,0.0,0.009115
09/07/2026 06:36:57 pm,25.050,1.560,-0.17,0.0,0.009070
09/07/2026 06:36:57 pm,25.100,1.550,-0.16,0.0,0.009012
09/07/2026 06:36:57 pm,25.150,1.544,-0.16,0.0,0.008976
09/07/2026 06:36:57 pm,25.200,1.536,-0.16,0.0,0.008929
09/07/2026 06:36:57 pm,25.250,1.526,-0.16,0.0,0.008874
09/07/2026 06:36:57 pm,25.300,1.518,-0.16,0.0,0.008828
09/07/2026 06:36:57 pm,25.350,1.513,-0.16,0.0,0.008794
09/07/2026 06:36:57 pm,25.400,1.503,-0.16,0.0,0.008737
09/07/2026 06:36:57 pm,25.450,1.495,-0.16,0.0,0.008693
09/07/2026 06:36:57 pm,25.500,1.487,-0.16,0.0,0.008647
09/07/2026 06:36:57 pm,25.550,1.479,-0.16,0.0,0.008601
09/07/2026 06:36:57 pm,25.600,1.471,-0.16,0.0,0.008554
09/07/2026 06:36:57 pm,25.650,1.464,-0.16,0.0,0.008509
09/07/2026 06:36:57 pm,25.700,1.456,-0.16,0.0,0.008464
09/07/2026 06:36:57 pm,25.750,1.448,-0.16,0.0,0.008419
09/07/2026 06:36:57 pm,25.800,1.440,-0.15,0.0,0.008373
09/07/2026 06:36:57 pm,25.850,1.433,-0.15,0.0,0.008330
09/07/2026 06:36:57 pm,25.900,1.425,-0.15,0.0,0.008287
09/07/2026 06:36:57 pm,25.950,1.417,-0.15,0.0,0.008239
09/07/2026 06:36:58 pm,26.000,1.410,-0.15,0.0,0.008197
09/07/2026 06:36:58 pm,26.050,1.403,-0.15,-0.1,0.008159
09/07/2026 06:36:58 pm,26.100,1.394,-0.16,-0.1,0.008107
09/07/2026 06:36:58 pm,26.150,1.388,-0.16,0.0,0.008068
09/07/2026 06:36:58 pm,26.200,1.378,-0.16,0.0,0.008014
09/07/2026 06:36:58 pm,26.250,1.371,-0.16,0.1,0.007972
09/07/2026 06:36:58 pm,26.300,1.363,-0.15,0.1,0.007924
09/07/2026 06:36:58 pm,26.350,1.356,-0.15,0.0,0.007881
09/07/2026 06:36:58 pm,26.400,1.349,-0.15,-0.1,0.007841
09/07/2026 06:36:58 pm,26.450,1.342,-0.15,-0.1,0.007800
09/07/2026 06:36:58 pm,26.500,1.333,-0.16,0.0,0.007750
09/07/2026 06:36:58 pm,26.550,1.325,-0.16,0.1,0.007704
09/07/2026 06:36:58 pm,26.600,1.317,-0.15,0.1,0.007657
09/07/2026 06:36:58 pm,26.650,1.309,-0.14,0.1,0.007612
09/07/2026 06:36:58 pm,26.700,1.303,-0.14,0.0,0.007578
09/07/2026 06:36:58 pm,26.750,1.296,-0.14,-0.1,0.007535
09/07/2026 06:36:58 pm,26.800,1.288,-0.15,-0.1,0.007490
09/07/2026 06:36:58 pm,26.850,1.281,-0.15,0.0,0.007448
09/07/2026 06:36:58 pm,26.900,1.273,-0.15,0.0,0.007403
09/07/2026 06:36:58 pm,26.950,1.266,-0.15,0.0,0.007359
09/07/2026 06:36:59 pm,27.000,1.258,-0.15,0.0,0.007316
09/07/2026 06:36:59 pm,27.050,1.251,-0.15,0.0,0.007271
09/07/2026 06:36:59 pm,27.100,1.243,-0.15,0.0,0.007228
09/07/2026 06:36:59 pm,27.150,1.236,-0.15,0.0,0.007185
09/07/2026 06:36:59 pm,27.200,1.228,-0.15,0.0,0.007141
09/07/2026 06:36:59 pm,27.250,1.221,-0.15,0.0,0.007099
09/07/2026 06:36:59 pm,27.300,1.214,-0.15,0.0,0.007056
09/07/2026 06:36:59 pm,27.350,1.206,-0.15,-0.1,0.007013
09/07/2026 06:36:59 pm,27.400,1.199,-0.15,0.0,0.006968
09/07/2026 06:36:59 pm,27.450,1.191,-0.16,0.0,0.006923
09/07/2026 06:36:59 pm,27.500,1.183,-0.15,0.1,0.006877
09/07/2026 06:36:59 pm,27.550,1.175,-0.15,0.0,0.006830
09/07/2026 06:36:59 pm,27.600,1.169,-0.15,0.0,0.006796
09/07/2026 06:36:59 pm,27.650,1.161,-0.15,0.0,0.006748
09/07/2026 06:36:59 pm,27.700,1.153,-0.15,0.0,0.006702
09/07/2026 06:36:59 pm,27.750,1.145,-0.15,0.0,0.006659
09/07/2026 06:36:59 pm,27.800,1.138,-0.15,0.0,0.006618
09/07/2026 06:36:59 pm,27.850,1.131,-0.15,0.0,0.006574
09/07/2026 06:36:59 pm,27.900,1.123,-0.15,0.0,0.006532
09/07/2026 06:36:59 pm,27.950,1.116,-0.14,0.0,0.006490
09/07/2026 06:37:00 pm,28.000,1.109,-0.15,0.0,0.006448
09/07/2026 06:37:00 pm,28.050,1.102,-0.15,0.0,0.006406
09/07/2026 06:37:00 pm,28.100,1.094,-0.15,0.0,0.006363
09/07/2026 06:37:00 pm,28.150,1.087,-0.15,0.0,0.006321
09/07/2026 06:37:00 pm,28.200,1.080,-0.14,0.0,0.006279
09/07/2026 06:37:00 pm,28.250,1.073,-0.14,0.0,0.006237
09/07/2026 06:37:00 pm,28.300,1.066,-0.14,-8.6E-8,0.006196
09/07/2026 06:37:00 pm,28.350,1.058,-0.14,-6.2E-8,0.006153
09/07/2026 06:37:00 pm,28.400,1.051,-0.14,-1.1E-4,0.006112
09/07/2026 06:37:00 pm,28.450,1.044,-0.14,0.0,0.006070
09/07/2026 06:37:00 pm,28.500,1.037,-0.14,0.0,0.006028
09/07/2026 06:37:00 pm,28.550,1.029,-0.14,0.0,0.005985
09/07/2026 06:37:00 pm,28.600,1.022,-0.14,0.0,0.005944
09/07/2026 06:37:00 pm,28.650,1.015,-0.14,0.0,0.005902
09/07/2026 06:37:00 pm,28.700,1.008,-0.14,0.0,0.005861
09/07/2026 06:37:00 pm,28.750,1.001,-0.14,0.0,0.005820
09/07/2026 06:37:00 pm,28.800,0.994,-0.14,0.0,0.005779
09/07/2026 06:37:00 pm,28.850,0.987,-0.14,0.0,0.005737
09/07/2026 06:37:00 pm,28.900,0.980,-0.14,0.0,0.005697
09/07/2026 06:37:00 pm,28.950,0.973,-0.14,-7.5E-4,0.005655
09/07/2026 06:37:01 pm,29.000,0.965,-0.14,0.0,0.005613
09/07/2026 06:37:01 pm,29.050,0.958,-0.14,0.0,0.005572
09/07/2026 06:37:01 pm,29.100,0.951,-0.14,0.0,0.005531
09/07/2026 06:37:01 pm,29.150,0.944,-0.14,0.0,0.005491
09/07/2026 06:37:01 pm,29.200,0.937,-0.14,0.0,0.005450
09/07/2026 06:37:01 pm,29.250,0.930,-0.14,0.0,0.005409
09/07/2026 06:37:01 pm,29.300,0.923,-0.14,9.5E-5,0.005368
09/07/2026 06:37:01 pm,29.350,0.916,-0.14,0.0,0.005327
09/07/2026 06:37:01 pm,29.400,0.909,-0.14,0.0,0.005286
09/07/2026 06:37:01 pm,29.450,0.902,-0.14,0.0,0.005246
09/07/2026 06:37:01 pm,29.500,0.895,-0.14,0.0,0.005203
09/07/2026 06:37:01 pm,29.550,0.888,-0.14,0.0,0.005163
09/07/2026 06:37:01 pm,29.600,0.881,-0.14,0.0,0.005122
09/07/2026 06:37:01 pm,29.650,0.874,-0.14,0.0,0.005082
09/07/2026 06:37:01 pm,29.700,0.867,-0.14,-1.9E-14,0.005041
09/07/2026 06:37:01 pm,29.750,0.860,-0.14,-9.3E-5,0.005001
09/07/2026 06:37:01 pm,29.800,0.853,-0.14,0.0,0.004960
09/07/2026 06:37:01 pm,29.850,0.846,-0.14,0.0,0.004920
09/07/2026 06:37:01 pm,29.900,0.839,-0.14,0.0,0.004879
09/07/2026 06:37:01 pm,29.950,0.832,-0.14,0.0,0.004839
09/07/2026 06:37:02 pm,30.000,0.825,-0.14,0.0,0.004799
09/07/2026 06:37:02 pm,30.050,0.819,-0.14,0.0,0.004760
09/07/2026 06:37:02 pm,30.100,0.812,-0.14,0.0,0.004720
09/07/2026 06:37:02 pm,30.150,0.805,-0.14,0.0,0.004680
09/07/2026 06:37:02 pm,30.200,0.798,-0.14,8.6E-5,0.004639
09/07/2026 06:37:02 pm,30.250,0.791,-0.14,0.0,0.004600
09/07/2026 06:37:02 pm,30.300,0.784,-0.14,-3.4E-4,0.004560
09/07/2026 06:37:02 pm,30.350,0.777,-0.14,0.0,0.004519
09/07/2026 06:37:02 pm,30.400,0.770,-0.14,0.0,0.004479
09/07/2026 06:37:02 pm,30.450,0.764,-0.14,0.0,0.004440
09/07/2026 06:37:02 pm,30.500,0.757,-0.14,0.0,0.004400
09/07/2026 06:37:02 pm,30.550,0.750,-0.14,0.0,0.004360
09/07/2026 06:37:02 pm,30.600,0.743,-0.14,0.0,0.004321
09/07/2026 06:37:02 pm,30.650,0.736,-0.14,0.0,0.004281
09/07/2026 06:37:02 pm,30.700,0.729,-0.13,0.0,0.004241
09/07/2026 06:37:02 pm,30.750,0.723,-0.13,0.0,0.004203
09/07/2026 06:37:02 pm,30.800,0.716,-0.13,0.0,0.004164
09/07/2026 06:37:02 pm,30.850,0.709,-0.14,-2.4E-4,0.004124
09/07/2026 06:37:02 pm,30.900,0.703,-0.13,0.0,0.004085
09/07/2026 06:37:02 pm,30.950,0.696,-0.13,0.0,0.004046
09/07/2026 06:37:03 pm,31.000,0.689,-0.13,0.0,0.004007
09/07/2026 06:37:03 pm,31.050,0.682,-0.13,0.0,0.003968
09/07/2026 06:37:03 pm,31.100,0.676,-0.13,0.0,0.003928
09/07/2026 06:37:03 pm,31.150,0.669,-0.13,7.9E-5,0.003891
09/07/2026 06:37:03 pm,31.200,0.662,-0.13,0.0,0.003852
09/07/2026 06:37:03 pm,31.250,0.656,-0.13,0.0,0.003812
09/07/2026 06:37:03 pm,31.300,0.649,-0.13,0.0,0.003775
09/07/2026 06:37:03 pm,31.350,0.642,-0.13,0.0,0.003734
09/07/2026 06:37:03 pm,31.400,0.636,-0.13,0.0,0.003697
09/07/2026 06:37:03 pm,31.450,0.629,-0.13,0.0,0.003658
09/07/2026 06:37:03 pm,31.500,0.623,-0.13,0.0,0.003619
09/07/2026 06:37:03 pm,31.550,0.616,-0.13,0.0,0.003582
09/07/2026 06:37:03 pm,31.600,0.610,-0.13,-6.0E-5,0.003544
09/07/2026 06:37:03 pm,31.650,0.603,-0.13,0.0,0.003505
09/07/2026 06:37:03 pm,31.700,0.597,-0.13,0.0,0.003468
09/07/2026 06:37:03 pm,31.750,0.590,-0.13,0.0,0.003429
09/07/2026 06:37:03 pm,31.800,0.583,-0.13,0.0,0.003392
09/07/2026 06:37:03 pm,31.850,0.577,-0.13,0.0,0.003354
09/07/2026 06:37:03 pm,31.900,0.571,-0.13,0.0,0.003317
09/07/2026 06:37:03 pm,31.950,0.564,-0.13,0.0,0.003279
09/07/2026 06:37:04 pm,32.000,0.558,-0.13,0.0,0.003242
09/07/2026 06:37:04 pm,32.050,0.551,-0.13,0.0,0.003205
09/07/2026 06:37:04 pm,32.100,0.545,-0.13,0.0,0.003166
09/07/2026 06:37:04 pm,32.150,0.538,-0.13,0.0,0.003129
09/07/2026 06:37:04 pm,32.200,0.532,-0.13,0.0,0.003091
09/07/2026 06:37:04 pm,32.250,0.525,-0.13,0.0,0.003054
09/07/2026 06:37:04 pm,32.300,0.519,-0.13,0.0,0.003017
09/07/2026 06:37:04 pm,32.350,0.513,-0.13,0.0,0.002980
09/07/2026 06:37:04 pm,32.400,0.506,-0.13,0.0,0.002943
09/07/2026 06:37:04 pm,32.450,0.500,-0.13,0.0,0.002906
09/07/2026 06:37:04 pm,32.500,0.493,-0.13,0.0,0.002868
09/07/2026 06:37:04 pm,32.550,0.487,-0.13,-3.3E-4,0.002831
09/07/2026 06:37:04 pm,32.600,0.480,-0.13,0.0,0.002792
09/07/2026 06:37:04 pm,32.650,0.474,-0.13,0.0,0.002755
09/07/2026 06:37:04 pm,32.700,0.467,-0.13,0.0,0.002718
09/07/2026 06:37:04 pm,32.750,0.461,-0.13,0.0,0.002681
09/07/2026 06:37:04 pm,32.800,0.455,-0.13,0.0,0.002643
09/07/2026 06:37:04 pm,32.850,0.448,-0.13,-2.5E-4,0.002607
09/07/2026 06:37:04 pm,32.900,0.442,-0.13,0.0,0.002568
09/07/2026 06:37:04 pm,32.950,0.435,-0.13,0.0,0.002531
09/07/2026 06:37:05 pm,33.000,0.429,-0.13,0.0,0.002495
09/07/2026 06:37:05 pm,33.050,0.423,-0.13,0.0,0.002457
09/07/2026 06:37:05 pm,33.100,0.416,-0.13,0.0,0.002421
09/07/2026 06:37:05 pm,33.150,0.410,-0.13,0.0,0.002384
09/07/2026 06:37:05 pm,33.200,0.404,-0.13,0.0,0.002347
09/07/2026 06:37:05 pm,33.250,0.397,-0.13,0.0,0.002310
09/07/2026 06:37:05 pm,33.300,0.391,-0.13,0.0,0.002273
09/07/2026 06:37:05 pm,33.350,0.384,-0.13,0.0,0.002235
09/07/2026 06:37:05 pm,33.400,0.378,-0.13,0.0,0.002199
09/07/2026 06:37:05 pm,33.450,0.372,-0.12,0.0,0.002163
09/07/2026 06:37:05 pm,33.500,0.366,-0.12,0.0,0.002126
09/07/2026 06:37:05 pm,33.550,0.360,-0.12,0.0,0.002091
09/07/2026 06:37:05 pm,33.600,0.353,-0.12,0.0,0.002055
09/07/2026 06:37:05 pm,33.650,0.347,-0.12,0.0,0.002018
09/07/2026 06:37:05 pm,33.700,0.341,-0.12,0.0,0.001983
09/07/2026 06:37:05 pm,33.750,0.335,-0.12,0.0,0.001947
09/07/2026 06:37:05 pm,33.800,0.329,-0.12,0.0,0.001913
09/07/2026 06:37:05 pm,33.850,0.323,-0.12,0.0,0.001877
09/07/2026 06:37:05 pm,33.900,0.317,-0.12,0.0,0.001843
09/07/2026 06:37:05 pm,33.950,0.311,-0.12,0.0,0.001809
09/07/2026 06:37:06 pm,34.000,0.305,-0.12,0.0,0.001775
09/07/2026 06:37:06 pm,34.050,0.299,-0.11,0.0,0.001741
09/07/2026 06:37:06 pm,34.100,0.294,-0.11,0.0,0.001709
09/07/2026 06:37:06 pm,34.150,0.288,-0.11,0.0,0.001676
09/07/2026 06:37:06 pm,34.200,0.283,-0.11,0.0,0.001644
09/07/2026 06:37:06 pm,34.250,0.277,-0.11,0.0,0.001612
09/07/2026 06:37:06 pm,34.300,0.272,-0.11,0.0,0.001581
09/07/2026 06:37:06 pm,34.350,0.267,-0.10,0.0,0.001551
09/07/2026 06:37:06 pm,34.400,0.262,-0.10,0.1,0.001520
09/07/2026 06:37:06 pm,34.450,0.257,-0.10,0.1,0.001492
09/07/2026 06:37:06 pm,34.500,0.252,-0.09,0.1,0.001463
09/07/2026 06:37:06 pm,34.550,0.247,-0.09,0.1,0.001435
09/07/2026 06:37:06 pm,34.600,0.243,-0.08,0.0,0.001414
09/07/2026 06:37:06 pm,34.650,0.239,-0.08,0.0,0.001392
09/07/2026 06:37:06 pm,34.700,0.235,-0.09,0.2,0.001365
09/07/2026 06:37:06 pm,34.750,0.230,-0.08,0.6,0.001339
09/07/2026 06:37:06 pm,34.800,0.226,-0.03,0.9,0.001315
09/07/2026 06:37:06 pm,34.850,0.225,0.03,0.9,0.001309
09/07/2026 06:37:06 pm,34.900,0.231,0.07,0.5,0.001341
09/07/2026 06:37:06 pm,34.950,0.235,0.08,0.2,0.001364
09/07/2026 06:37:07 pm,35.000,0.239,0.07,0.0,0.001389
09/07/2026 06:37:07 pm,35.050,0.241,0.08,0.1,0.001403
09/07/2026 06:37:07 pm,35.100,0.246,0.08,0.1,0.001430
09/07/2026 06:37:07 pm,35.150,0.251,0.09,0.1,0.001457
09/07/2026 06:37:07 pm,35.200,0.255,0.09,0.0,0.001483
09/07/2026 06:37:07 pm,35.250,0.259,0.09,0.0,0.001509
09/07/2026 06:37:07 pm,35.300,0.264,0.09,0.0,0.001537
09/07/2026 06:37:07 pm,35.350,0.269,0.09,0.0,0.001563
09/07/2026 06:37:07 pm,35.400,0.273,0.09,0.0,0.001590
09/07/2026 06:37:07 pm,35.450,0.278,0.09,0.0,0.001617
09/07/2026 06:37:07 pm,35.500,0.283,0.09,0.0,0.001645
09/07/2026 06:37:07 pm,35.550,0.288,0.09,0.0,0.001672
09/07/2026 06:37:07 pm,35.600,0.292,0.09,0.0,0.001699
09/07/2026 06:37:07 pm,35.650,0.297,0.09,0.0,0.001727
09/07/2026 06:37:07 pm,35.700,0.302,0.09,0.0,0.001754
09/07/2026 06:37:07 pm,35.750,0.306,0.10,0.0,0.001782
09/07/2026 06:37:07 pm,35.800,0.311,0.10,0.0,0.001808
09/07/2026 06:37:07 pm,35.850,0.316,0.10,0.0,0.001838
09/07/2026 06:37:07 pm,35.900,0.321,0.09,0.0,0.001864
09/07/2026 06:37:07 pm,35.950,0.325,0.09,0.0,0.001891
09/07/2026 06:37:08 pm,36.000,0.330,0.10,0.0,0.001918
09/07/2026 06:37:08 pm,36.050,0.335,0.10,0.0,0.001947
09/07/2026 06:37:08 pm,36.100,0.340,0.10,0.0,0.001974
09/07/2026 06:37:08 pm,36.150,0.345,0.10,0.0,0.002003
09/07/2026 06:37:08 pm,36.200,0.349,0.09,0.0,0.002029
09/07/2026 06:37:08 pm,36.250,0.354,0.09,0.0,0.002058
09/07/2026 06:37:08 pm,36.300,0.359,0.10,0.0,0.002084
09/07/2026 06:37:08 pm,36.350,0.364,0.10,0.0,0.002113
09/07/2026 06:37:08 pm,36.400,0.368,0.10,1.6E-4,0.002140
09/07/2026 06:37:08 pm,36.450,0.373,0.10,0.0,0.002169
09/07/2026 06:37:08 pm,36.500,0.378,0.10,0.0,0.002196
09/07/2026 06:37:08 pm,36.550,0.383,0.09,0.0,0.002224
09/07/2026 06:37:08 pm,36.600,0.387,0.09,0.0,0.002251
09/07/2026 06:37:08 pm,36.650,0.392,0.09,-4.2E-5,0.002279
09/07/2026 06:37:08 pm,36.700,0.397,0.09,0.0,0.002306
09/07/2026 06:37:08 pm,36.750,0.401,0.09,0.0,0.002333
09/07/2026 06:37:08 pm,36.800,0.406,0.09,0.0,0.002362
09/07/2026 06:37:08 pm,36.850,0.411,0.09,0.0,0.002388
09/07/2026 06:37:08 pm,36.900,0.416,0.09,0.0,0.002416
09/07/2026 06:37:08 pm,36.950,0.420,0.09,0.0,0.002442
09/07/2026 06:37:09 pm,37.000,0.425,0.10,0.0,0.002471
09/07/2026 06:37:09 pm,37.050,0.430,0.09,0.0,0.002498
09/07/2026 06:37:09 pm,37.100,0.435,0.09,-1.9E-4,0.002526
09/07/2026 06:37:09 pm,37.150,0.439,0.09,0.0,0.002551
09/07/2026 06:37:09 pm,37.200,0.444,0.10,0.0,0.002581
09/07/2026 06:37:09 pm,37.250,0.448,0.09,0.0,0.002607
09/07/2026 06:37:09 pm,37.300,0.453,0.09,0.0,0.002636
09/07/2026 06:37:09 pm,37.350,0.458,0.09,0.0,0.002661
09/07/2026 06:37:09 pm,37.400,0.463,0.09,0.0,0.002690
09/07/2026 06:37:09 pm,37.450,0.467,0.10,0.0,0.002716
09/07/2026 06:37:09 pm,37.500,0.472,0.09,0.0,0.002746
09/07/2026 06:37:09 pm,37.550,0.477,0.09,-5.0E-5,0.002771
09/07/2026 06:37:09 pm,37.600,0.482,0.09,0.0,0.002800
09/07/2026 06:37:09 pm,37.650,0.486,0.10,0.0,0.002827
09/07/2026 06:37:09 pm,37.700,0.491,0.09,0.0,0.002855
09/07/2026 06:37:09 pm,37.750,0.496,0.10,0.0,0.002882
09/07/2026 06:37:09 pm,37.800,0.501,0.10,1.1E-4,0.002910
09/07/2026 06:37:09 pm,37.850,0.505,0.10,0.0,0.002938
09/07/2026 06:37:09 pm,37.900,0.510,0.09,0.0,0.002965
09/07/2026 06:37:09 pm,37.950,0.515,0.09,0.0,0.002993
09/07/2026 06:37:10 pm,38.000,0.519,0.09,0.0,0.003020
09/07/2026 06:37:10 pm,38.050,0.524,0.09,0.0,0.003048
09/07/2026 06:37:10 pm,38.100,0.529,0.09,0.0,0.003074
09/07/2026 06:37:10 pm,38.150,0.534,0.09,3.0E-4,0.003102
09/07/2026 06:37:10 pm,38.200,0.538,0.09,0.0,0.003129
09/07/2026 06:37:10 pm,38.250,0.543,0.09,0.0,0.003157
09/07/2026 06:37:10 pm,38.300,0.548,0.09,0.0,0.003183
09/07/2026 06:37:10 pm,38.350,0.552,0.09,0.0,0.003210
09/07/2026 06:37:10 pm,38.400,0.557,0.09,0.0,0.003236
09/07/2026 06:37:10 pm,38.450,0.561,0.09,2.4E-4,0.003264
09/07/2026 06:37:10 pm,38.500,0.566,0.09,0.0,0.003291
09/07/2026 06:37:10 pm,38.550,0.571,0.09,0.0,0.003318
09/07/2026 06:37:10 pm,38.600,0.575,0.09,0.0,0.003344
09/07/2026 06:37:10 pm,38.650,0.580,0.09,0.0,0.003371
09/07/2026 06:37:10 pm,38.700,0.585,0.09,0.0,0.003399
09/07/2026 06:37:10 pm,38.750,0.589,0.09,0.0,0.003425
09/07/2026 06:37:10 pm,38.800,0.594,0.09,0.0,0.003451
09/07/2026 06:37:10 pm,38.850,0.598,0.09,0.0,0.003478
09/07/2026 06:37:10 pm,38.900,0.603,0.09,0.0,0.003505
09/07/2026 06:37:10 pm,38.950,0.608,0.09,0.0,0.003532
09/07/2026 06:37:11 pm,39.000,0.612,0.09,0.0,0.003559
09/07/2026 06:37:11 pm,39.050,0.617,0.09,0.0,0.003585
09/07/2026 06:37:11 pm,39.100,0.621,0.09,-7.1E-5,0.003612
09/07/2026 06:37:11 pm,39.150,0.626,0.09,0.0,0.003639
09/07/2026 06:37:11 pm,39.200,0.630,0.09,0.0,0.003665
09/07/2026 06:37:11 pm,39.250,0.635,0.09,0.0,0.003692
09/07/2026 06:37:11 pm,39.300,0.640,0.09,0.0,0.003719
09/07/2026 06:37:11 pm,39.350,0.644,0.09,0.0,0.003746
09/07/2026 06:37:11 pm,39.400,0.649,0.09,0.0,0.003771
09/07/2026 06:37:11 pm,39.450,0.653,0.09,0.0,0.003798
09/07/2026 06:37:11 pm,39.500,0.658,0.09,0.0,0.003825
09/07/2026 06:37:11 pm,39.550,0.663,0.09,0.0,0.003852
09/07/2026 06:37:11 pm,39.600,0.667,0.09,-3.0E-4,0.003879
09/07/2026 06:37:11 pm,39.650,0.672,0.09,0.0,0.003905
09/07/2026 06:37:11 pm,39.700,0.676,0.09,0.0,0.003932
09/07/2026 06:37:11 pm,39.750,0.681,0.09,0.0,0.003960
09/07/2026 06:37:11 pm,39.800,0.686,0.09,0.0,0.003986
09/07/2026 06:37:11 pm,39.850,0.690,0.09,0.0,0.004014
09/07/2026 06:37:11 pm,39.900,0.695,0.09,0.0,0.004040
09/07/2026 06:37:11 pm,39.950,0.700,0.09,0.0,0.004069
09/07/2026 06:37:12 pm,40.000,0.704,0.09,0.0,0.004095
09/07/2026 06:37:12 pm,40.050,0.709,0.09,0.0,0.004123
09/07/2026 06:37:12 pm,40.100,0.714,0.09,0.0,0.004149
09/07/2026 06:37:12 pm,40.150,0.718,0.09,0.0,0.004177
09/07/2026 06:37:12 pm,40.200,0.723,0.10,0.0,0.004204
09/07/2026 06:37:12 pm,40.250,0.728,0.10,0.0,0.004233
09/07/2026 06:37:12 pm,40.300,0.733,0.10,0.0,0.004259
09/07/2026 06:37:12 pm,40.350,0.738,0.10,0.0,0.004288
09/07/2026 06:37:12 pm,40.400,0.742,0.10,0.0,0.004315
09/07/2026 06:37:12 pm,40.450,0.747,0.10,0.0,0.004344
09/07/2026 06:37:12 pm,40.500,0.752,0.10,0.0,0.004371
09/07/2026 06:37:12 pm,40.550,0.757,0.10,0.0,0.004400
09/07/2026 06:37:12 pm,40.600,0.762,0.10,0.0,0.004428
09/07/2026 06:37:12 pm,40.650,0.767,0.10,0.0,0.004457
09/07/2026 06:37:12 pm,40.700,0.771,0.10,0.0,0.004484
09/07/2026 06:37:12 pm,40.750,0.776,0.10,0.0,0.004513
09/07/2026 06:37:12 pm,40.800,0.781,0.10,0.0,0.004540
09/07/2026 06:37:12 pm,40.850,0.786,0.10,0.0,0.004570
09/07/2026 06:37:12 pm,40.900,0.791,0.10,0.0,0.004598
09/07/2026 06:37:12 pm,40.950,0.796,0.10,0.0,0.004626
09/07/2026 06:37:13 pm,41.000,0.800,0.10,0.0,0.004654
09/07/2026 06:37:13 pm,41.050,0.805,0.10,0.0,0.004683
09/07/2026 06:37:13 pm,41.100,0.810,0.10,0.0,0.004711
09/07/2026 06:37:13 pm,41.150,0.815,0.10,0.0,0.004738
09/07/2026 06:37:13 pm,41.200,0.820,0.10,0.0,0.004766
09/07/2026 06:37:13 pm,41.250,0.825,0.10,0.0,0.004794
09/07/2026 06:37:13 pm,41.300,0.829,0.10,0.0,0.004821
09/07/2026 06:37:13 pm,41.350,0.834,0.10,3.7E-4,0.004849
09/07/2026 06:37:13 pm,41.400,0.839,0.10,0.0,0.004877
09/07/2026 06:37:13 pm,41.450,0.844,0.09,0.0,0.004905
09/07/2026 06:37:13 pm,41.500,0.848,0.09,0.0,0.004932
09/07/2026 06:37:13 pm,41.550,0.853,0.09,0.0,0.004959
09/07/2026 06:37:13 pm,41.600,0.858,0.10,0.0,0.004987
09/07/2026 06:37:13 pm,41.650,0.863,0.09,0.0,0.005015
09/07/2026 06:37:13 pm,41.700,0.867,0.09,0.0,0.005042
09/07/2026 06:37:13 pm,41.750,0.872,0.09,0.0,0.005068
09/07/2026 06:37:13 pm,41.800,0.876,0.09,0.0,0.005096
09/07/2026 06:37:13 pm,41.850,0.881,0.09,0.0,0.005123
09/07/2026 06:37:13 pm,41.900,0.886,0.09,0.0,0.005150
09/07/2026 06:37:13 pm,41.950,0.890,0.09,-1.9E-4,0.005176
09/07/2026 06:37:14 pm,42.000,0.895,0.09,0.0,0.005202
09/07/2026 06:37:14 pm,42.050,0.899,0.09,0.0,0.005230
09/07/2026 06:37:14 pm,42.100,0.904,0.09,0.0,0.005256
09/07/2026 06:37:14 pm,42.150,0.909,0.09,0.0,0.005283
09/07/2026 06:37:14 pm,42.200,0.913,0.09,1.1E-4,0.005308
09/07/2026 06:37:14 pm,42.250,0.918,0.09,0.0,0.005336
09/07/2026 06:37:14 pm,42.300,0.922,0.09,0.0,0.005360
09/07/2026 06:37:14 pm,42.350,0.927,0.09,-3.1E-4,0.005389
09/07/2026 06:37:14 pm,42.400,0.931,0.09,0.0,0.005412
09/07/2026 06:37:14 pm,42.450,0.936,0.09,0.0,0.005441
09/07/2026 06:37:14 pm,42.500,0.940,0.09,0.0,0.005467
09/07/2026 06:37:14 pm,42.550,0.945,0.09,0.0,0.005494
09/07/2026 06:37:14 pm,42.600,0.949,0.09,-9.9E-5,0.005519
09/07/2026 06:37:14 pm,42.650,0.954,0.09,0.0,0.005546
09/07/2026 06:37:14 pm,42.700,0.958,0.09,-1.1E-4,0.005571
09/07/2026 06:37:14 pm,42.750,0.963,0.09,0.0,0.005599
09/07/2026 06:37:14 pm,42.800,0.967,0.09,0.0,0.005623
09/07/2026 06:37:14 pm,42.850,0.972,0.09,0.0,0.005650
09/07/2026 06:37:14 pm,42.900,0.977,0.09,0.0,0.005678
09/07/2026 06:37:14 pm,42.950,0.981,0.09,0.0,0.005704
09/07/2026 06:37:15 pm,43.000,0.985,0.09,0.0,0.005729
09/07/2026 06:37:15 pm,43.050,0.990,0.09,0.0,0.005757
09/07/2026 06:37:15 pm,43.100,0.995,0.09,0.0,0.005782
09/07/2026 06:37:15 pm,43.150,0.999,0.09,0.0,0.005809
09/07/2026 06:37:15 pm,43.200,1.004,0.09,-2.2E-4,0.005835
09/07/2026 06:37:15 pm,43.250,1.008,0.09,0.0,0.005861
09/07/2026 06:37:15 pm,43.300,1.013,0.09,0.0,0.005887
09/07/2026 06:37:15 pm,43.350,1.017,0.09,0.0,0.005916
09/07/2026 06:37:15 pm,43.400,1.022,0.09,0.0,0.005940
09/07/2026 06:37:15 pm,43.450,1.026,0.09,0.0,0.005966
09/07/2026 06:37:15 pm,43.500,1.031,0.09,0.0,0.005992
09/07/2026 06:37:15 pm,43.550,1.035,0.10,0.0,0.006020
09/07/2026 06:37:15 pm,43.600,1.041,0.10,0.0,0.006051
09/07/2026 06:37:15 pm,43.650,1.045,0.09,-0.1,0.006076
09/07/2026 06:37:15 pm,43.700,1.050,0.09,0.0,0.006102
09/07/2026 06:37:15 pm,43.750,1.054,0.09,0.0,0.006128
09/07/2026 06:37:15 pm,43.800,1.058,0.09,0.0,0.006153
09/07/2026 06:37:15 pm,43.850,1.063,0.09,0.0,0.006179
09/07/2026 06:37:15 pm,43.900,1.067,0.09,0.0,0.006204
09/07/2026 06:37:15 pm,43.950,1.072,0.09,0.0,0.006230
09/07/2026 06:37:16 pm,44.000,1.076,0.09,-2.4E-4,0.006255
09/07/2026 06:37:16 pm,44.050,1.080,0.09,0.0,0.006280
09/07/2026 06:37:16 pm,44.100,1.085,0.09,0.0,0.006306
09/07/2026 06:37:16 pm,44.150,1.089,0.09,0.0,0.006331
09/07/2026 06:37:16 pm,44.200,1.093,0.09,0.0,0.006357
09/07/2026 06:37:16 pm,44.250,1.098,0.09,0.0,0.006382
09/07/2026 06:37:16 pm,44.300,1.102,0.09,0.0,0.006407
09/07/2026 06:37:16 pm,44.350,1.107,0.09,0.0,0.006433
09/07/2026 06:37:16 pm,44.400,1.111,0.09,-1.3E-4,0.006459
09/07/2026 06:37:16 pm,44.450,1.115,0.09,0.0,0.006484
09/07/2026 06:37:16 pm,44.500,1.120,0.09,0.0,0.006510
09/07/2026 06:37:16 pm,44.550,1.124,0.09,0.0,0.006535
09/07/2026 06:37:16 pm,44.600,1.129,0.09,0.0,0.006562
09/07/2026 06:37:16 pm,44.650,1.133,0.09,0.0,0.006587
09/07/2026 06:37:16 pm,44.700,1.137,0.09,0.0,0.006613
09/07/2026 06:37:16 pm,44.750,1.142,0.09,0.0,0.006639
09/07/2026 06:37:16 pm,44.800,1.147,0.09,-5.1E-4,0.006666
09/07/2026 06:37:16 pm,44.850,1.151,0.09,0.0,0.006690
09/07/2026 06:37:16 pm,44.900,1.155,0.09,0.0,0.006717
09/07/2026 06:37:16 pm,44.950,1.160,0.09,0.0,0.006743
09/07/2026 06:37:17 pm,45.000,1.164,0.09,0.0,0.006770
09/07/2026 06:37:17 pm,45.050,1.169,0.09,0.0,0.006795
09/07/2026 06:37:17 pm,45.100,1.173,0.09,0.0,0.006822
09/07/2026 06:37:17 pm,45.150,1.178,0.09,0.0,0.006849
09/07/2026 06:37:17 pm,45.200,1.183,0.09,0.0,0.006875
09/07/2026 06:37:17 pm,45.250,1.187,0.09,0.0,0.006901
09/07/2026 06:37:17 pm,45.300,1.192,0.09,0.0,0.006928
09/07/2026 06:37:17 pm,45.350,1.196,0.09,0.0,0.006954
09/07/2026 06:37:17 pm,45.400,1.201,0.09,0.0,0.006981
09/07/2026 06:37:17 pm,45.450,1.205,0.09,0.0,0.007007
09/07/2026 06:37:17 pm,45.500,1.210,0.09,1.3E-4,0.007034
09/07/2026 06:37:17 pm,45.550,1.215,0.09,0.0,0.007061
09/07/2026 06:37:17 pm,45.600,1.219,0.09,0.0,0.007087
09/07/2026 06:37:17 pm,45.650,1.224,0.09,0.0,0.007114
09/07/2026 06:37:17 pm,45.700,1.228,0.09,0.0,0.007140
09/07/2026 06:37:17 pm,45.750,1.233,0.09,0.0,0.007168
09/07/2026 06:37:17 pm,45.800,1.237,0.09,0.0,0.007194
09/07/2026 06:37:17 pm,45.850,1.242,0.09,0.0,0.007221
09/07/2026 06:37:17 pm,45.900,1.246,0.09,0.0,0.007247
09/07/2026 06:37:17 pm,45.950,1.251,0.09,0.0,0.007274
09/07/2026 06:37:18 pm,46.000,1.256,0.09,0.0,0.007301
09/07/2026 06:37:18 pm,46.050,1.261,0.09,0.0,0.007329
09/07/2026 06:37:18 pm,46.100,1.265,0.09,0.0,0.007356
09/07/2026 06:37:18 pm,46.150,1.270,0.09,0.0,0.007382
09/07/2026 06:37:18 pm,46.200,1.275,0.09,-2.2E-4,0.007411
09/07/2026 06:37:18 pm,46.250,1.279,0.09,0.0,0.007436
09/07/2026 06:37:18 pm,46.300,1.283,0.09,0.0,0.007461
09/07/2026 06:37:18 pm,46.350,1.289,0.10,0.0,0.007492
09/07/2026 06:37:18 pm,46.400,1.294,0.10,0.0,0.007521
09/07/2026 06:37:18 pm,46.450,1.298,0.10,0.0,0.007547
09/07/2026 06:37:18 pm,46.500,1.303,0.10,-8.6E-4,0.007578
09/07/2026 06:37:18 pm,46.550,1.307,0.10,0.0,0.007602
09/07/2026 06:37:18 pm,46.600,1.313,0.10,0.0,0.007633
09/07/2026 06:37:18 pm,46.650,1.318,0.10,0.0,0.007661
09/07/2026 06:37:18 pm,46.700,1.322,0.10,0.0,0.007689
09/07/2026 06:37:18 pm,46.750,1.327,0.10,0.0,0.007715
09/07/2026 06:37:18 pm,46.800,1.333,0.10,0.0,0.007750
09/07/2026 06:37:18 pm,46.850,1.337,0.10,0.0,0.007775
09/07/2026 06:37:18 pm,46.900,1.343,0.10,2.8E-4,0.007806
09/07/2026 06:37:18 pm,46.950,1.347,0.10,0.0,0.007831
09/07/2026 06:37:19 pm,47.000,1.352,0.10,0.0,0.007862
09/07/2026 06:37:19 pm,47.050,1.357,0.10,0.0,0.007891
09/07/2026 06:37:19 pm,47.100,1.363,0.10,0.0,0.007922
09/07/2026 06:37:19 pm,47.150,1.367,0.10,0.0,0.007945
09/07/2026 06:37:19 pm,47.200,1.373,0.10,0.0,0.007980
09/07/2026 06:37:19 pm,47.250,1.377,0.10,0.0,0.008004
09/07/2026 06:37:19 pm,47.300,1.383,0.10,0.0,0.008038
09/07/2026 06:37:19 pm,47.350,1.387,0.10,0.0,0.008062
09/07/2026 06:37:19 pm,47.400,1.393,0.10,0.0,0.008097
09/07/2026 06:37:19 pm,47.450,1.397,0.10,0.0,0.008124
09/07/2026 06:37:19 pm,47.500,1.402,0.10,8.3E-4,0.008154
09/07/2026 06:37:19 pm,47.550,1.407,0.10,0.0,0.008180
09/07/2026 06:37:19 pm,47.600,1.412,0.10,0.0,0.008212
09/07/2026 06:37:19 pm,47.650,1.417,0.10,0.0,0.008240
09/07/2026 06:37:19 pm,47.700,1.423,0.10,0.0,0.008272
09/07/2026 06:37:19 pm,47.750,1.427,0.10,8.4E-6,0.008297
09/07/2026 06:37:19 pm,47.800,1.433,0.10,3.2E-4,0.008330
09/07/2026 06:37:19 pm,47.850,1.437,0.10,0.0,0.008357
09/07/2026 06:37:19 pm,47.900,1.443,0.10,0.0,0.008388
09/07/2026 06:37:19 pm,47.950,1.447,0.10,-3.9E-5,0.008415
09/07/2026 06:37:20 pm,48.000,1.453,0.10,0.0,0.008446
09/07/2026 06:37:20 pm,48.050,1.458,0.10,0.0,0.008475
09/07/2026 06:37:20 pm,48.100,1.463,0.11,0.0,0.008503
09/07/2026 06:37:20 pm,48.150,1.468,0.11,0.0,0.008533
09/07/2026 06:37:20 pm,48.200,1.475,0.10,-0.1,0.008573
09/07/2026 06:37:20 pm,48.250,1.478,0.10,0.0,0.008593
09/07/2026 06:37:20 pm,48.300,1.483,0.10,0.0,0.008620
09/07/2026 06:37:20 pm,48.350,1.488,0.10,0.0,0.008652
09/07/2026 06:37:20 pm,48.400,1.493,0.10,0.0,0.008682
09/07/2026 06:37:20 pm,48.450,1.498,0.10,0.0,0.008712
09/07/2026 06:37:20 pm,48.500,1.503,0.11,0.1,0.008738
09/07/2026 06:37:20 pm,48.550,1.509,0.11,0.0,0.008770
09/07/2026 06:37:20 pm,48.600,1.516,0.11,-0.1,0.008813
09/07/2026 06:37:20 pm,48.650,1.519,0.10,-0.1,0.008831
09/07/2026 06:37:20 pm,48.700,1.524,0.10,4.6E-4,0.008861
09/07/2026 06:37:20 pm,48.750,1.529,0.10,0.0,0.008892
09/07/2026 06:37:20 pm,48.800,1.534,0.10,0.0,0.008919
09/07/2026 06:37:20 pm,48.850,1.539,0.10,0.0,0.008950
09/07/2026 06:37:20 pm,48.900,1.544,0.11,0.0,0.008979
09/07/2026 06:37:20 pm,48.950,1.550,0.11,0.0,0.009012
09/07/2026 06:37:21 pm,49.000,1.555,0.11,0.0,0.009043
09/07/2026 06:37:21 pm,49.050,1.561,0.10,0.0,0.009073
09/07/2026 06:37:21 pm,49.100,1.566,0.10,0.0,0.009103
09/07/2026 06:37:21 pm,49.150,1.571,0.10,0.0,0.009136
09/07/2026 06:37:21 pm,49.200,1.576,0.10,0.0,0.009162
09/07/2026 06:37:21 pm,49.250,1.581,0.11,0.0,0.009192
09/07/2026 06:37:21 pm,49.300,1.586,0.11,0.0,0.009224
09/07/2026 06:37:21 pm,49.350,1.593,0.11,0.0,0.009259
09/07/2026 06:37:21 pm,49.400,1.597,0.10,0.0,0.009286
09/07/2026 06:37:21 pm,49.450,1.602,0.10,5.5E-4,0.009316
09/07/2026 06:37:21 pm,49.500,1.608,0.11,0.0,0.009349
09/07/2026 06:37:21 pm,49.550,1.613,0.10,0.0,0.009379
09/07/2026 06:37:21 pm,49.600,1.618,0.10,0.0,0.009409
09/07/2026 06:37:21 pm,49.650,1.623,0.10,0.0,0.009438
09/07/2026 06:37:21 pm,49.700,1.629,0.11,0.1,0.009470
09/07/2026 06:37:21 pm,49.750,1.634,0.11,0.1,0.009501
09/07/2026 06:37:21 pm,49.800,1.639,0.12,0.0,0.009531
09/07/2026 06:37:21 pm,49.850,1.647,0.12,-0.1,0.009576
09/07/2026 06:37:21 pm,49.900,1.653,0.11,-0.1,0.009612
09/07/2026 06:37:21 pm,49.950,1.655,0.10,-0.1,0.009622
09/07/2026 06:37:22 pm,50.000,1.664,0.10,0.0,0.009675
09/07/2026 06:37:22 pm,50.050,1.666,0.10,0.1,0.009686
09/07/2026 06:37:22 pm,50.100,1.672,0.10,0.1,0.009719
09/07/2026 06:37:22 pm,50.150,1.679,0.12,0.1,0.009759
09/07/2026 06:37:22 pm,50.200,1.682,0.11,0.0,0.009779
09/07/2026 06:37:22 pm,50.250,1.691,0.11,0.0,0.009831
09/07/2026 06:37:22 pm,50.300,1.693,0.12,0.0,0.009842
09/07/2026 06:37:22 pm,50.350,1.701,0.11,0.0,0.009890
09/07/2026 06:37:22 pm,50.400,1.707,0.11,0.0,0.009922
09/07/2026 06:37:22 pm,50.450,1.709,0.11,0.1,0.009938
09/07/2026 06:37:22 pm,50.500,1.718,0.12,0.0,0.009986
09/07/2026 06:37:22 pm,50.550,1.723,0.12,0.0,0.010018
09/07/2026 06:37:22 pm,50.600,1.728,0.11,-0.1,0.010049
09/07/2026 06:37:22 pm,50.650,1.734,0.11,0.0,0.010081
09/07/2026 06:37:22 pm,50.700,1.739,0.11,0.1,0.010113
09/07/2026 06:37:22 pm,50.750,1.745,0.12,0.0,0.010144
09/07/2026 06:37:22 pm,50.800,1.751,0.12,0.0,0.010179
09/07/2026 06:37:22 pm,50.850,1.758,0.11,-0.1,0.010218
09/07/2026 06:37:22 pm,50.900,1.762,0.11,0.0,0.010244
09/07/2026 06:37:22 pm,50.950,1.767,0.11,0.0,0.010275
09/07/2026 06:37:23 pm,51.000,1.773,0.11,0.0,0.010308
09/07/2026 06:37:23 pm,51.050,1.779,0.11,0.0,0.010344
09/07/2026 06:37:23 pm,51.100,1.784,0.11,0.0,0.010373
09/07/2026 06:37:23 pm,51.150,1.790,0.11,0.0,0.010408
09/07/2026 06:37:23 pm,51.200,1.796,0.12,0.0,0.010440
09/07/2026 06:37:23 pm,51.250,1.802,0.12,0.0,0.010474
09/07/2026 06:37:23 pm,51.300,1.807,0.12,0.0,0.010509
09/07/2026 06:37:23 pm,51.350,1.813,0.11,0.0,0.010541
09/07/2026 06:37:23 pm,51.400,1.819,0.11,0.0,0.010576
09/07/2026 06:37:23 pm,51.450,1.824,0.12,0.0,0.010607
09/07/2026 06:37:23 pm,51.500,1.830,0.12,0.0,0.010641
09/07/2026 06:37:23 pm,51.550,1.837,0.12,0.0,0.010678
09/07/2026 06:37:23 pm,51.600,1.842,0.12,0.0,0.010708
09/07/2026 06:37:23 pm,51.650,1.848,0.12,0.0,0.010744
09/07/2026 06:37:23 pm,51.700,1.854,0.12,0.0,0.010777
09/07/2026 06:37:23 pm,51.750,1.860,0.12,0.0,0.010811
09/07/2026 06:37:23 pm,51.800,1.866,0.12,0.0,0.010848
09/07/2026 06:37:23 pm,51.850,1.871,0.11,0.0,0.010879
09/07/2026 06:37:23 pm,51.900,1.877,0.11,0.0,0.010912
09/07/2026 06:37:23 pm,51.950,1.883,0.11,0.0,0.010945
09/07/2026 06:37:24 pm,52.000,1.888,0.11,0.0,0.010979
09/07/2026 06:37:24 pm,52.050,1.894,0.11,0.0,0.011011
09/07/2026 06:37:24 pm,52.100,1.900,0.11,0.0,0.011044
09/07/2026 06:37:24 pm,52.150,1.905,0.11,0.0,0.011077
09/07/2026 06:37:24 pm,52.200,1.911,0.11,0.0,0.011111
09/07/2026 06:37:24 pm,52.250,1.917,0.11,0.0,0.011145
09/07/2026 06:37:24 pm,52.300,1.922,0.11,0.0,0.011174
09/07/2026 06:37:24 pm,52.350,1.928,0.11,0.0,0.011206
09/07/2026 06:37:24 pm,52.400,1.933,0.11,0.0,0.011238
09/07/2026 06:37:24 pm,52.450,1.939,0.11,0.0,0.011272
09/07/2026 06:37:24 pm,52.500,1.944,0.11,0.0,0.011302
09/07/2026 06:37:24 pm,52.550,1.949,0.11,0.0,0.011333
09/07/2026 06:37:24 pm,52.600,1.955,0.11,0.0,0.011367
09/07/2026 06:37:24 pm,52.650,1.960,0.11,0.0,0.011395
09/07/2026 06:37:24 pm,52.700,1.966,0.10,0.0,0.011428
09/07/2026 06:37:24 pm,52.750,1.971,0.10,0.0,0.011457
09/07/2026 06:37:24 pm,52.800,1.976,0.10,0.0,0.011487
09/07/2026 06:37:24 pm,52.850,1.981,0.11,0.0,0.011516
09/07/2026 06:37:24 pm,52.900,1.986,0.10,-0.1,0.011549
